-- --------------------------------------------------------
-- 主机:                           192.168.10.251
-- 服务器版本:                        5.1.73 - Source distribution
-- 服务器操作系统:                      redhat-linux-gnu
-- HeidiSQL 版本:                  8.0.0.4396
-- --------------------------------------------------------

/*!40101 SET @OLD_CHARACTER_SET_CLIENT=@@CHARACTER_SET_CLIENT */;
/*!40101 SET NAMES utf8 */;
/*!40014 SET @OLD_FOREIGN_KEY_CHECKS=@@FOREIGN_KEY_CHECKS, FOREIGN_KEY_CHECKS=0 */;
/*!40101 SET @OLD_SQL_MODE=@@SQL_MODE, SQL_MODE='NO_AUTO_VALUE_ON_ZERO' */;

-- 导出 soap 的数据库结构
DROP DATABASE IF EXISTS `soap`;
CREATE DATABASE IF NOT EXISTS `soap` /*!40100 DEFAULT CHARACTER SET utf8 */;
USE `soap`;


-- 导出  表 soap.essential_oil 结构
CREATE TABLE IF NOT EXISTS `essential_oil` (
  `id` int(10) NOT NULL AUTO_INCREMENT,
  `name` varchar(50) NOT NULL,
  `name_en` varchar(50) NOT NULL,
  `extraction_part` varchar(100) NOT NULL,
  `volatility` tinyint(4) NOT NULL,
  `smell` varchar(100) NOT NULL,
  `for_skin` varchar(256) NOT NULL,
  `for_body` varchar(256) NOT NULL,
  `for_emotion` varchar(256) NOT NULL,
  `for_life` varchar(256) NOT NULL,
  `notice` varchar(256) NOT NULL,
  PRIMARY KEY (`id`)
) ENGINE=MyISAM AUTO_INCREMENT=15 DEFAULT CHARSET=utf8;

-- 正在导出表  soap.essential_oil 的数据：14 rows
DELETE FROM `essential_oil`;
/*!40000 ALTER TABLE `essential_oil` DISABLE KEYS */;
INSERT INTO `essential_oil` (`id`, `name`, `name_en`, `extraction_part`, `volatility`, `smell`, `for_skin`, `for_body`, `for_emotion`, `for_life`, `notice`) VALUES
	(1, '罗勒', 'Basil', '花的顶端、叶', 5, '非常清甜，略带香辛料的味道。', '对下垂、阻塞的皮肤有紧实的作用并清洁毛孔闭塞或底层循环不洁皮肤。', '缓解头疼和改善偏头痛的一级品，改善耳痛。改善因压力而造成的过敏现象。改善喉部不适，咳嗽、伤风、气喘、百曰咳及流行性感冒。助消化不良、打嗝等消化异常也很有效。缓解经前所引致的不适，如月经量过少、乳房胀痛等。舒解痛风和肌肉疼痛。', '令头脑清醒，加强记忆，令精神集中，消除沮丧。', '蒸薰、吸入、浸浴、按摩、涂抹。', '怀孕初期尤其要低剂量使用，因对皮肤可能会有刺激感，所以用量不宜过高。'),
	(2, '月桂', 'Bay', '叶', 5, '甜甜的香料味，有点像肉桂。', '对粉刺、青春痘的皮肤，能帮助消炎、愈合伤口；能促进毛发生长去头皮屑。', '改善扭伤、风湿痛的现象。帮助开胃、消胀气，安抚胃痛。对女性有助益，能调节月经量过少。调节体温，促进排汗、使身体舒适。', '放松紧绷心情，平静缓和心灵，让人精神愉快，提高工作效率。', '吸入、沐浴、热敷。', '会刺激皮肤，因此敏感性肌肤须低剂量使用：为免对孕妇造成不适，孕妇在怀孕前5个月禁用。'),
	(3, '安息香', 'Benzoin', '树脂', 1, '甜，似香草。', '有益于龟裂、干燥皮肤，使皮肤恢复弹性并改善皮肤发红、发痒。', '缓解一般的疼痛及关节炎。帮助消化，对胃部有安抚作用，可排除胀气。润肺并改善气喘、咳嗽、感冒、喉炎。', '舒缓紧张与压力，安抚悲伤和沮丧的情绪。', '按摩、蒸薰、沐浴、冷（热）敷、坐浴、涂抹。', '需集中注意力时避免使用，否则会分散注意力。'),
	(4, '佛手柑', 'Bergamot', '果皮', 5, '清新，有些类似橙和柠檬，又还点花香。', '深层清洁油性皮肤及暗疮皮肤，平衡油脂分泌，收紧肌肤。', '', '', '', ''),
	(5, '黑胡椒', 'Blackperpper', '果实', 3, '非常强烈的辛味。', '有益于消退瘀血', '帮助排气，强力改善肠胃的问题，促进食欲。消除多余的脂肪，促进血液循环，使身体温暖。舒缓因感冒所引起的头痛、肌肉酸痛、疲累四肢和肌肉紧绷很有帮助。', '净化心灵，舒解压力，赋予活力。', '蒸薰、按摩、涂抹、浸浴。', '使用不宜过频繁或过量，否则会伤害肾脏，对皮肤也会有刺激感。'),
	(6, '胡萝卜籽', 'CarrotSeed', '果实', 3, '略甜而干燥的味道。', '调理敏感脆弱的肌肤，活化肌肤，防止皱纹产生，淡化老人斑改善皮肤发炎的伤口促进伤口结疤。', '消除胀气、增进食欲。有调理荷尔蒙的功效，助受孕。极佳的身体净化油，减少体内废物垢囤积。有助改善流行性感冒，支气管炎。调理敏感脆弱的肌肤，活化肌肤，防止皱纹产生，淡化老人斑，改善皮肤发炎的伤口，促进伤口结疤。', '净化心灵，舒解压力，赋予活力。', '按摩、沐浴、冷（热）敷。', '使用不宜过频繁或过量，否则会伤害肾脏，对皮肤也会有刺激感。'),
	(7, '雪松', 'Cedarwood', '木材', 1, '木质香，有点像檀香的味道。', '调理油性皮肤，收敛毛孔，清除面皰和暗疮皮肤；改善油性发质，减少头皮屑。', '改善失眠。改善体内多余的橘皮组织。疏散感染、放松紧张的肌肉。', '有助于冥想沉思，安抚精神紧张和焦虑，鼓舞沮丧的内心。', '按摩、沐浴、蒸薰法、浸浴、做成保养品。', '可能对孕妇造成不适，孕妇禁用。'),
	(8, '洋甘菊', 'Chamomile', '花朵', 3, '似苹果的气味。', '舒缓脆弱的敏感皮肤，加强皮肤的吸收能力，适用于干燥皮肤、微细血管破裂及暗疮发炎皮肤。', '帮助改善失眠现象。舒缓生理痛及更年期所引致的不适。缓解肌肉疼痛、头痛、偏头痛、神经痛、牙痛。', '绝佳的安抚效果抚平情绪，使人感觉祥和。', '蒸薰、按摩、沐浴、冷（热）敷。', '具通经作用，孕妇禁用。'),
	(9, '快乐鼠尾草', 'Clarysage', '开花的顶端和叶', 4, '药草气息，又带点坚果香。', '适用于发炎及红肿的皮肤，收敛毛孔，并能促进细胞再生；有利于毛发生长，改善头皮皮脂过多的分泌。', '舒缓胀痛、胃部不适。是子宫有益的补品，平衡荷尔蒙。助产、并可安抚产后忧郁的情绪。改善因压力引起的偏头痛，并放松紧张的肌肉。', '平衡神经紧张，极佳的振奋剂，可以缓解紧张、惊慌失措的状态。', '蒸薰、淋浴、按摩、做成保养品。', '镇静效果强烈，孕妇禁用，在开车前及饮洒后不能使用，否则会影响注意力难以集中，造成反胃及头痛不舒服。'),
	(10, '丝柏', 'Cypress', '叶或毬果', 2, '木头香，清澈而振奋。', '收紧毛孔及调理成熟肌肤，收紧眼袋，改善敏感脆弱的皮肤；促进伤口结疤。', '改善体内多余的橘皮脂及水肿。有助改善静脉曲张和痔疮。平衡荷尔蒙，舒缓经痛，可调理卵巢功能。能改善流感引致的咳嗽，支气管炎。', '平静情绪松弛紧张，净化心灵。', '蒸薰、吸入、浸浴、足浴、涂抹、喷雾。', '具通经作用，孕妇禁用。'),
	(11, '尤加利', 'Eucalyptus', '叶', 5, '澄清、略冲鼻、有穿透力。', '改善阻塞的皮肤，平衡皮脂分泌，特别能滋养肌肤。', '去除体内异味。缓解神经痛、偏头痛、喉咙痛。缓解感冒，对发烧、肌肉酸痛很有帮助', '可使头脑清醒，集中注意力，舒缓疲累感。', '吸入、蒸薰、浸浴、涂抹、按摩。', '一种强效的精油，高血压，癫痫人士，婴儿避免使用。'),
	(12, '茴香', 'Fennel', '种子', 4, '花香、草味、稍带香辛料。', '肌肤净化油，能疏通阻塞的毛孔，对皮肤有良好的滋养防皱效果。', '改善胀气、胃部不适、促进消化。绝佳的身体净化油，并改善体内多余的橘皮脂肪。缓解经前引致的月经不适，如流量少，更年期等。', '镇定情绪，顿时可给予力量和勇气。', '按摩、浸浴、冷（热）敷、涂抹。', '一种强效的清油，使用过量，会引发毒性，导致皮肤敏感，让人昏昏沉沉，'),
	(13, '乳香', 'Frankingcense', '树皮', -2, '带木香及香料味，甚至有一点柠檬的味道。', '对老化肌肤起收紧防皱、抚平皱纹并增加皮肤弹性，平衡油性皮肤，促进伤口愈合。', '子宫的补药。改善喉咙痛、咳嗽。促进均衡，有镇定及安抚作用。能改善月经不顺等常见困扰现象。帮助消化，改善消化不良和打嗝。', '赋予希望使心情好转，平静不安的情绪。', '蒸薰、吸入、浸浴、涂抹、按摩。', '在使用上没有特殊的禁忌。'),
	(14, '天竺葵', 'Geranium', '花和叶', 3, '甜而略重，有点像玫瑰。', '可以平衡皮脂腺分泌，适合各种肤质。更有良好的清洁作用，对松弛、毛孔阻塞及油性皮肤良好的效果。', '改善水肿现象，帮助伤口愈合。能舒缓喉咙痛及肠胃的不舒服。增强免疫力；消除各种疼痛引起致的不适。舒缓经痛，对经前所产生的不适十分有帮助。', '营造友善的气氛，令人心情愉快，平衡情绪。', '蒸薰、浸浴、按摩、涂抹。', '因能调节荷尔蒙，所以孕妇避免使用；而对某些敏感皮肤，可能有刺激性宜剂量使用。');
/*!40000 ALTER TABLE `essential_oil` ENABLE KEYS */;


-- 导出  表 soap.essential_oil_usage 结构
CREATE TABLE IF NOT EXISTS `essential_oil_usage` (
  `id` int(10) NOT NULL AUTO_INCREMENT,
  `essential_oil_id` int(10) NOT NULL,
  `efficacy` varchar(50) NOT NULL,
  `use_pattern` varchar(256) NOT NULL,
  `formula` varchar(256) NOT NULL,
  `operation` varchar(256) NOT NULL,
  PRIMARY KEY (`id`)
) ENGINE=MyISAM AUTO_INCREMENT=23 DEFAULT CHARSET=utf8;

-- 正在导出表  soap.essential_oil_usage 的数据：22 rows
DELETE FROM `essential_oil_usage`;
/*!40000 ALTER TABLE `essential_oil_usage` DISABLE KEYS */;
INSERT INTO `essential_oil_usage` (`id`, `essential_oil_id`, `efficacy`, `use_pattern`, `formula`, `operation`) VALUES
	(1, 1, '帮助冥想并消除身心疲劳', '蒸薰', '罗勒1滴，檀香1滴，迷迭香3滴。', '只须在香薰炉上方的盛水皿中加八分满热水，在香薰炉台底部点燃蜡烛加温或插电，再依配方添加精油即可。'),
	(2, 2, '舒缓头痛', '蒸薰', '月桂1滴，薰衣草3滴。', '只须在香薰炉上方的盛水皿中加八分满热水，在香薰炉台底部点燃蜡烛加温或插电，再依配方添加精油即可。'),
	(3, 2, '缓解风湿痛', '热敷', '月桂2滴、玫瑰1滴、杜松1滴。', '将精油滴在一盆热水中，将精油混和并浸入毛巾吸取油份，稍微拧干，直接敷在疼痛的关节上。（如：膝关节、肘关节、肩膀等关节）'),
	(4, 3, '改善脸部、手背的黑斑', '涂抹', '安息香4滴，柠檬2滴，小麦胚芽油2滴，甜杏仁油12ml。', '将精油调匀后，取适量涂抹于脸部或手背的皮肤轻按至吸收即可。（为免影晌使用效果，经稀释后的精油须在两周内使用完。）'),
	(5, 3, '舒缓感冒', '蒸薰', '安息香5滴，一碗热水。', '将精油滴入一碗热水中，然后嗅蒸出来的热气即可。'),
	(6, 4, '缓解腹痛、腹泻', '按摩', '佛手柑2滴，甜杏仁5ml。', '将精油调匀后取适量以顺时针上的方向在腹部，轻柔打圈2-3分钟即可。（为免影响使用效果，按摩后6小时内不宜洗澡及稀释后的精油须在两周内使用完。）'),
	(7, 4, '空气清新剂', '喷雾', '佛手柑、薄荷、茴香各2滴，30ml矿泉水一瓶。', '将精油滴入矿泉水中，在每次使用前请先摇匀，然后喷洒于室内，使芳香气味飘散即可。'),
	(8, 5, '帮助消化', '按摩', '黑胡椒3滴，迷迭香2滴，甜杏仁油10ml。', '将精油调匀后，取适量以顺时针方向按摩腹部，轻柔打圈2-3分钟即可。（为免影响使用效果，按摩后6小时内不宜洗澡及稀释后的精油须在两周内使用完。）'),
	(9, 7, '改善湿疹，皮肤轻微发炎', '涂抹', '雪松4滴，小麦胚芽油2滴,杏仁油10ml。', '将精油调匀后，取适量涂抹于患处至吸收即可。'),
	(10, 7, '清爽发质', '洗发', '雪松2滴，无香精洗发乳约5ml。', '将精油与洗发乳调匀后，依照一般程序洗发即可。'),
	(11, 8, '改善过敏、暗疮等各种问题', '涂抹', '洋甘菊5滴，荷荷芭油15ml', '将精油与荷荷油混合后，装入小玻璃瓶中，需要的时候涂抹即可。（为免影响使用效果，经稀释后的精油须在两周内使用完。）'),
	(12, 9, '预防掉发', '做成保养品', '快乐鼠尾草2滴，薰衣草5滴，迷迭香3滴。', '头发洗净后，将精油滴入一盆温热水中，然后浸泡头发2-3分钟即可，无需冲洗。'),
	(13, 9, '缓和生理痛', '淋浴', '快乐鼠尾草2滴，马郁兰2滴。', '浴缸中注入温热水，将精油滴入后调匀。将身体冲净后，再用勺子一勺勺将缸里的水冲在身上及腹部即可。'),
	(14, 10, '增加皮肤弹性', '涂抹', '丝柏2滴，荷荷芭油5ml。', '将丝柏精油与荷荷芭油混合，取适量涂抹脸部轻按至吸收即可。（为免影响使用效果，经稀释后的精油须在两周内使用完。）'),
	(15, 10, '驱虫止臭', '喷雾', '丝柏2滴，佛手柑2滴，桔子2滴，酒精10ml（浓度为75％），蒸馏水20ml。', '将精油与酒精、水装入喷瓶中，混合均匀后在家中，防止蚊虫。'),
	(16, 11, '缓解感冒所带来的不适感', '按摩', '尤加利2滴，柠檬3滴，茶树1滴，甜杏仁油12ml。', '将精油调匀后，取适量按摩于前后胸腔、脖颈、鼻梁及耳后2-3分钟即可。'),
	(17, 11, '提高工作效率', '蒸薰', '尤加利、薄荷各2滴，薰衣草、迷迭香各1滴。', '只须在香薰炉上方的盛水皿中加八分满热水，在香薰炉台底部点燃蜡烛加滥加或插电，再依配方添加精油即可。（为免影响使用效果，按摩后6小时内不宜洗澡及经稀释后的精油须在两周内使用完。）'),
	(18, 12, '平静好眠', '按摩', '茴香2滴，马郁兰4滴，薄荷2滴，荷荷芭油15ml。', '将精油及荷荷芭油混合，在沐浴后，取适量按摩胸口和脚底。'),
	(19, 12, '改善便秘', '按摩', '茴香3滴，紫苏5滴，荷荷芭油15ml。', '将精油调匀后，每次取5滴按摩油，以顺时针方向按摩腹部，再按摩臂部、背部下方，连续使用3次。（为免影响使用效果，按摩后6小时内不宜洗澡及经稀释后的精油须在两周内使用完。）'),
	(20, 13, '改善松弛肌肤，增加肌肤弹性及紧实', '按摩', '乳香3滴，柠檬香芧2滴，玫瑰1滴，小麦胚芽2滴，甜杏仁油15ml。', '调匀后取适量在局部按摩5－10分钟，（为免影响使用效果，按摩后6小时内不宜洗澡及经稀释后的精油须在两周内使用完。）'),
	(21, 14, '安抚争躁的情绪', '蒸薰', '天竺葵3滴，乳香3滴，安息香2滴。', '只须在香薰炉上方的盛水皿中八分热水，在香薰炉台底部点燃蜡烛加温或插电，再依配方添加精油即可。（在需要的时候蒸薰，但一天最多3次。）'),
	(22, 14, '舒缓经前紧张', '按摩', '天竺葵3滴，佛手柑3滴，鼠尾草2滴，甜杏仁油10ml。', '调匀后取适量按摩于腹部2－3分钟，（为避免影响使用效果，按摩后6小时内不宜洗澡及经稀释后的精油须在两周内使用完.）');
/*!40000 ALTER TABLE `essential_oil_usage` ENABLE KEYS */;


-- 导出  表 soap.formula 结构
CREATE TABLE IF NOT EXISTS `formula` (
  `id` int(10) NOT NULL AUTO_INCREMENT,
  `skin_type` varchar(50) DEFAULT NULL,
  `efficacy` varchar(256) DEFAULT NULL,
  `difficult_degree` tinyint(4) DEFAULT NULL,
  `use` tinyint(4) DEFAULT NULL,
  `total_weight` float NOT NULL,
  `naoh_weight` float NOT NULL,
  `koh_weight` float NOT NULL,
  `naoh_h2o` float NOT NULL,
  `koh_h2o` float NOT NULL,
  PRIMARY KEY (`id`)
) ENGINE=InnoDB DEFAULT CHARSET=utf8;

-- 正在导出表  soap.formula 的数据：~0 rows (大约)
DELETE FROM `formula`;
/*!40000 ALTER TABLE `formula` DISABLE KEYS */;
/*!40000 ALTER TABLE `formula` ENABLE KEYS */;


-- 导出  表 soap.formula_oil 结构
CREATE TABLE IF NOT EXISTS `formula_oil` (
  `id` int(10) NOT NULL AUTO_INCREMENT,
  `formula_id` int(10) NOT NULL DEFAULT '0',
  `oil_id` int(10) NOT NULL DEFAULT '0',
  PRIMARY KEY (`id`)
) ENGINE=MyISAM DEFAULT CHARSET=utf8;

-- 正在导出表  soap.formula_oil 的数据：0 rows
DELETE FROM `formula_oil`;
/*!40000 ALTER TABLE `formula_oil` DISABLE KEYS */;
/*!40000 ALTER TABLE `formula_oil` ENABLE KEYS */;


-- 导出  表 soap.oil 结构
CREATE TABLE IF NOT EXISTS `oil` (
  `id` int(10) NOT NULL AUTO_INCREMENT,
  `name` varchar(50) NOT NULL,
  `name_en` varchar(50) NOT NULL,
  `naoh` float NOT NULL,
  `koh` float NOT NULL,
  `ins` smallint(6) NOT NULL,
  `suitable_for_skin` float NOT NULL COMMENT '适肌性',
  `cleaning_ability` float NOT NULL COMMENT '洁净力',
  `rich_bubble` float NOT NULL COMMENT '起泡力',
  `hardness` float NOT NULL COMMENT '硬度',
  `melt` float NOT NULL COMMENT '不易化性',
  `stability` float NOT NULL COMMENT '安定性',
  `min_usage` tinyint(4) NOT NULL,
  `max_usage` tinyint(4) NOT NULL,
  `super_fatting` tinyint(1) NOT NULL DEFAULT '0' COMMENT '是否适合超脂',
  `price` float NOT NULL DEFAULT '0',
  `describ` varchar(500) NOT NULL,
  PRIMARY KEY (`id`)
) ENGINE=MyISAM AUTO_INCREMENT=138 DEFAULT CHARSET=utf8;

-- 正在导出表  soap.oil 的数据：68 rows
DELETE FROM `oil`;
/*!40000 ALTER TABLE `oil` DISABLE KEYS */;
INSERT INTO `oil` (`id`, `name`, `name_en`, `naoh`, `koh`, `ins`, `suitable_for_skin`, `cleaning_ability`, `rich_bubble`, `hardness`, `melt`, `stability`, `min_usage`, `max_usage`, `super_fatting`, `price`, `describ`) VALUES
	(70, '椰子油', 'Coconut Oil', 0.19, 0.266, 258, 0.03, 0.09, 0.09, 0.08, 0.06, 0.06, 10, 30, 0, 0, '做手工皂不可缺少的油脂， 洗净力强能作出较硬且泡沫多的香皂。但是使用太多的话会对皮肤干涩。建议用量不要超过全部油脂的20%'),
	(71, '棕榈油', 'Palm', 0.141, 0.1974, 145, 0.07, 0.05, 0.04, 0.07, 0.06, 0.09, 10, 30, 0, 0, '做手工皂常用油之一。能使做出的皂硬度较高。对皮肤温和，清洁力佳。因为没什么泡沫, 所以一般都与椰子油混合使用。'),
	(72, 'EV橄榄油', 'Olive Oil (EV)', 0.134, 0.1876, 109, 0.1, 0.07, 0.03, 0.05, 0.04, 0.09, 100, 100, 0, 0, '有分Extra Virgin, A, B级。 Extra Virgin含有的营养成分最高, 但需要很长的时间才会Trace。比较不适合作手工香皂。 如果想作100%橄榄油香皂的话, A与B级(又称橄榄油渣)的橄榄油较合适。 含蛋白质。矿物质。维他命。适合用作化妆品。并可改善风湿。护发。舒缓肌肤。油质黏腻。可使肌肤柔软有弹性含有保湿, 保护及治愈皮肤的功能。能制造小小却持久的泡沫。 是属于软性油脂。'),
	(73, '橄榄油(PU)', 'Olive Oil (PU)', 0.134, 0.1876, 109, 0.1, 0.07, 0.03, 0.06, 0.04, 0.09, 100, 100, 0, 0, '有分Extra Virgin, A, B级。 Extra Virgin含有的营养成分最高, 但需要很长的时间才会Trace。比较不适合作手工香皂。 如果想作100%橄榄油香皂的话, A与B级(又称橄榄油渣)的橄榄油较合适。 含蛋白质。矿物质。维他命。适合用作化妆品。并可改善风湿。护发。舒缓肌肤。油质黏腻。可使肌肤柔软有弹性含有保湿, 保护及治愈皮肤的功能。能制造小小却持久的泡沫。 是属于软性油脂。'),
	(74, '乳油木果脂', 'Shea Butter', 0.128, 0.1792, 116, 0.88, 0.49, 0.24, 0.69, 0.59, 0.91, 20, 50, 1, 0, '具有极佳的保湿效果。并能缓和软化肌肤。油性温和不刺激。适合婴儿与敏感性肌肤使用。可以制造较硬且像Creme一样泡沫的香皂。与荷荷芭油一样, 最适合Superfatting。'),
	(75, '米糠油', 'Rice bran', 0.128, 0.1792, 70, 0.77, 0.64, 0.5, 0.46, 0.3, 0.77, 20, 20, 0, 0, '米做的油'),
	(76, '蓖麻油', 'Castor', 0.1286, 0.18, 95, 0.73, 0.49, 0.99, 0.4, 0.39, 0.93, 30, 30, 0, 0, '可帮助肌肤吸收水份，有润泽、舒缓作用。做出的皂具有透明感，且可帮助维持皂中精油的香味。'),
	(77, '植物白油', 'Shortening (Veg.)', 0.136, 0.1904, 115, 0.72, 0.43, 0.32, 0.64, 0.56, 0.82, 50, 50, 0, 0, '以大豆等植物提炼而成。制成的皂硬度高、厚实，温和且泡沫稳定。'),
	(78, '甜杏仁油', 'Sweet Almond', 0.136, 0.1904, 97, 0.91, 0.68, 0.36, 0.47, 0.29, 0.86, 30, 30, 0, 0, '富含脂肪酸。蛋白质与维生素A。B1。B2。B6。E。适合中油性肌肤。吸收快速。能改善皮肤搔痒。红肿。干燥与发炎。婴儿也可以使用。亲肤性佳。滋润软化肌肤效果良?并能改善皱纹。粉刺。促进细胞更新,只需使用 一点则有相当的护肤效果'),
	(79, '芥花油', 'Camellia', 0.1324, 0.1856, 56, 0.8, 0.63, 0.42, 0.39, 0.22, 0.73, 50, 50, 0, 0, '含有丰富的蛋白质、维生素A、E，不易氧化。它的营养价值对于皮肤及头发都具有滋补，保护的作用。'),
	(80, '酪梨油', 'Avocado', 0.134, 0.1862, 99, 0.97, 0.71, 0.4, 0.59, 0.41, 0.99, 30, 30, 0, 0, '富含维他命。蛋白质。卵磷脂。脂酸。适合干燥。缺水。湿疹肌肤。营养。 是属于 软油。 没什么泡沫。 但能制造对皮肤非常温和的香皂。 最适合婴儿及过敏性皮肤的人使用。 度极高。亦可用于清洁使用。其深层清洁效果佳。能促进新陈代谢。淡化黑斑。预防皱纹产生'),
	(81, '小麦胚芽油', 'Wheatgerm', 0.131, 0.1834, 58, 0.65, 0.63, 0.63, 0.37, 0.21, 0.63, 5, 10, 0, 0, '含蛋白质。矿物质。维他命。泛酸。烟碱酸。及不饱和脂肪酸。能改善湿疹。干癣。老化肌肤。促进肌肤再生。对黑斑。妊娠纹及疤痕有滋养效果'),
	(82, '可可脂', 'Cocoa butte', 0.137, 0.1819, 157, 0.77, 0.43, 0.37, 0.76, 0.68, 0.92, 15, 15, 0, 0, '具有滋润效果，能让肌肤柔软。可使手工皂硬度较硬。'),
	(83, '核桃油（胡桃油）', 'Walnut', 0.1353, 0.1894, 45, 0.67, 0.67, 0.69, 0.31, 0.14, 0.59, 6, 6, 0, 0, '核桃油'),
	(84, '榛果油', 'Hazelnut', 0.1356, 0.1898, 94, 0.91, 0.67, 0.36, 0.49, 0.31, 0.87, 5, 10, 0, 0, '含蛋白质。矿物质。维他命。适合各种肤质。具稍微收敛作用保湿力强。 价格昂贵且保存期限又短。 是属于软性油脂且没什么泡沫。'),
	(85, '红棕榈油', 'Red Palm', 0.141, 0.1974, 145, 0.69, 0.47, 0.36, 0.65, 0.56, 0.88, 10, 30, 0, 0, '做手工皂常用油之一。能使做出的皂硬度较高。对皮肤温和，清洁力佳。因为没什么泡沫, 所以一般都混着椰子油使用。'),
	(86, '荷荷芭油', 'Jojoba', 0.069, 0.0966, 11, 0.84, 0.58, 0.21, 0.41, 0.25, 0.77, 6, 6, 1, 0, '含蛋白质。矿物质。植物蜡。蜡状类似胶原质的物质。适合发炎肌肤。改善湿疹。干癣。面疱。渗透力佳。是很好的滋润及保湿用油。延展性佳。稳定性高。能维护肌肤水分。预防皱纹。软化肌肤。适合油性敏感性肌肤使用。 也是一种很好的护发素。最能保存精油。能帮助排除皮下多余脂肪。 因为是属于液体的一种蜡, 所以没有保存期限。 最适合作Superfatting。 是属于软性油脂且没什么泡沫。'),
	(87, '月见草油', 'Evening Primrose', 0.1357, 0.19, 30, 0.65, 0.7, 0.75, 0.28, 0.09, 0.56, 5, 10, 0, 0, '含丙种亚麻油酸。维他命。矿物质。烟碱酸。能够改善经前症候群。多重硬化症。更年期困扰。最能改善干癣和湿疹。并防止肌肤老化。能深入肌肤改善肤质。帮助指甲发育。有效改善异位性皮肤炎。解决头皮困扰。一般使用10%即可。只需要使用一点就有相当的效果。 是属于软性油脂且没什么泡沫。'),
	(88, '红花籽油', 'Safflower', 0.136, 0.1904, 47, 0.67, 0.68, 0.66, 0.31, 0.13, 0.59, 5, 10, 0, 0, '含蛋白质。矿物质。维他命。适合各种肤质'),
	(89, '玫瑰果油', 'Rosehip', 0.1378, 0.193, 19, 0.67, 0.69, 0.81, 0.28, 0.09, 0.56, 5, 10, 0, 0, '含矿物质。多重不饱和脂肪酸。蛋白质。具有皮肤油脂保护层所需之营养。油性温和不刺激。延展性佳。渗透性良好。但有油腻感。对精油溶解度高。可以使肌肤柔软有弹性。。 是属于软性油脂且没什么泡沫。'),
	(90, '棕榈核油', 'Palm Kernel', 0.156, 0.2184, 227, 0.35, 0.91, 0.86, 0.72, 0.58, 0.59, 10, 30, 0, 0, '非常类似椰子油, 可以相互代替使用。 洗净力强能作出较硬且泡沫多的香皂。 但是使用太多的话会对皮肤干涩。 建议不要超过全油脂的20%'),
	(91, '山茶花油(椿油)', 'Camellia', 0.1362, 0.191, 108, 0.93, 0.67, 0.32, 0.51, 0.33, 0.9, 10, 10, 0, 0, '含有丰富的蛋白质、维生素A、E，不易氧化。它的营养价值对于皮肤及头发都具有滋补，保护的作用。'),
	(92, '葡萄籽油', 'Grapeseed', 0.1265, 0.1771, 66, 0.71, 0.67, 0.63, 0.35, 0.18, 0.67, 20, 20, 0, 0, '含维他命。矿物质。叶绿素。果糖。葡萄糖。葡萄多酚与蛋白质。适合暗疮。粉刺油性肌肤。吸收快速。清爽不黏腻。可以改善静脉肿胀。水肿。预防黑色素沉淀。强化循环。增进肌肤弹性。降低紫外线伤害。预防肌肤下垂。与皱纹产生。保护血管弹性。适合细嫩与敏感性肌肤。增强保湿。'),
	(93, '苦茶(籽)油', 'Camellia', 0.1362, 0.191, 108, 0.93, 0.67, 0.32, 0.51, 0.33, 0.9, 100, 100, 0, 0, '山茶油，又名野山茶油、茶籽油、油茶籽油、苦茶油、苦茶籽油，来源于山茶科植物油茶成熟种子，一般来讲精制的茶油被称为山茶油，未精制的茶油被称为苦茶油'),
	(94, '黄蜂蜡', 'Beeswax Yellow', 0.069, 0.0966, 84, 0.41, 0.23, 0.37, 0.86, 0.86, 0.91, 6, 6, 0, 0, '制皂时加入可加快trace速度及增加手工皂的持久性。'),
	(95, '白蜜蜡', 'Beeswax', 0.069, 0.0966, 84, 0.41, 0.23, 0.37, 0.86, 0.86, 0.91, 6, 6, 0, 0, '制皂时加入可加快trace速度及增加手工皂的持久性。'),
	(96, '月见草油', 'Evening Primrose', 0.1357, 0.19, 30, 0.65, 0.7, 0.75, 0.28, 0.09, 0.56, 5, 10, 0, 0, '含丙种亚麻油酸。维他命。矿物质。烟碱酸。能够改善经前症候群。多重硬化症。更年期困扰。最能改善干癣和湿疹。并防止肌肤老化。能深入肌肤改善肤质。帮助指甲发育。有效改善异位性皮肤炎。解决头皮困扰。一般使用10%即可。只需要使用一点就有相当的效果。 是属于软性油脂且没什么泡沫。'),
	(97, '红花籽油', 'Safflower', 0.136, 0.1904, 47, 0.67, 0.68, 0.66, 0.31, 0.13, 0.59, 5, 10, 0, 0, '含蛋白质。矿物质。维他命。适合各种肤质'),
	(98, '玫瑰果油', 'Rosehip', 0.1378, 0.193, 19, 0.67, 0.69, 0.81, 0.28, 0.09, 0.56, 5, 10, 0, 0, '含矿物质。多重不饱和脂肪酸。蛋白质。具有皮肤油脂保护层所需之营养。油性温和不刺激。延展性佳。渗透性良好。但有油腻感。对精油溶解度高。可以使肌肤柔软有弹性。。 是属于软性油脂且没什么泡沫。'),
	(99, '棕榈核油', 'Palm Kernel', 0.156, 0.2184, 227, 0.35, 0.91, 0.86, 0.72, 0.58, 0.59, 10, 30, 0, 0, '非常类似椰子油, 可以相互代替使用。 洗净力强能作出较硬且泡沫多的香皂。 但是使用太多的话会对皮肤干涩。 建议不要超过全油脂的20%'),
	(100, '山茶花油(椿油)', 'Camellia', 0.1362, 0.191, 108, 0.93, 0.67, 0.32, 0.51, 0.33, 0.9, 10, 10, 0, 0, '含有丰富的蛋白质、维生素A、E，不易氧化。它的营养价值对于皮肤及头发都具有滋补，保护的作用。'),
	(101, '葡萄籽油', 'Grapeseed', 0.1265, 0.1771, 66, 0.71, 0.67, 0.63, 0.35, 0.18, 0.67, 20, 20, 0, 0, '含维他命。矿物质。叶绿素。果糖。葡萄糖。葡萄多酚与蛋白质。适合暗疮。粉刺油性肌肤。吸收快速。清爽不黏腻。可以改善静脉肿胀。水肿。预防黑色素沉淀。强化循环。增进肌肤弹性。降低紫外线伤害。预防肌肤下垂。与皱纹产生。保护血管弹性。适合细嫩与敏感性肌肤。增强保湿。'),
	(102, '苦茶(籽)油', 'Camellia', 0.1362, 0.191, 108, 0.93, 0.67, 0.32, 0.51, 0.33, 0.9, 100, 100, 0, 0, '山茶油，又名野山茶油、茶籽油、油茶籽油、苦茶油、苦茶籽油，来源于山茶科植物油茶成熟种子，一般来讲精制的茶油被称为山茶油，未精制的茶油被称为苦茶油'),
	(103, '黄蜂蜡', 'Beeswax Yellow', 0.069, 0.0966, 84, 0.41, 0.23, 0.37, 0.86, 0.86, 0.91, 6, 6, 0, 0, '制皂时加入可加快trace速度及增加手工皂的持久性。'),
	(104, '白蜜蜡', 'Beeswax', 0.069, 0.0966, 84, 0.41, 0.23, 0.37, 0.86, 0.86, 0.91, 6, 6, 0, 0, '制皂时加入可加快trace速度及增加手工皂的持久性。'),
	(105, '葵花油', 'sunflower', 134, 0.1876, 63, 0.7, 0.66, 0.61, 0.34, 0.17, 0.62, 20, 127, 0, 0, '葵花油'),
	(106, '芝麻油', 'sesame', 0.133, 0.1862, 81, 0.76, 0.64, 0.49, 0.42, 0.25, 0.72, 10, 10, 0, 0, '芝麻油'),
	(107, '大麻籽油', 'Hempseed', 0.1345, 0.1883, 39, 0.68, 0.71, 0.81, 0.3, 0.11, 0.58, 5, 10, 0, 0, '大麻植物中对精神有显著作用的物质并不存在大麻籽油中。大麻籽油的颜色有点类似深色橄榄油，尝起来则像是向日葵油。大麻籽油可以安全被摄取，并且可以用来替代沙拉调味，不过因含有亚麻油酸，最好不要加热。有着美丽墨绿黄颜色的大,麻,籽,油，是多元不饱和脂肪酸含量最高的油脂，高保湿性、高蛋白质含量。含有极高的营养物质防止皮肤发炎，可治疗皮肤损害、干燥、发炎与帮助愈合，添加于皂、乳液、护唇膏中以防止干燥、损坏、或老化肌肤，穿透吸收力极快！不油腻。做出的手工皂成品非常细致，用手触摸即可明显的感受到。'),
	(108, '杏核油', 'apricot kernel', 0.135, 0.189, 91, 0.89, 0.69, 0.41, 0.44, 0.26, 0.82, 5, 10, 0, 0, '高品质的媒介油，由冷压法从杏的果核中萃取制成，色泽呈浅淡黄色。杏核油含有丰富的矿物质、GLA与维生素A、B1、B2、B6、C，保湿效果强 ，有帮助舒缓紧绷、软化皮肤的功能，能使疲劳的肌肤恢复生机，适合成熟、干燥脱皮、过敏的肤质以及肤色蜡黄者使用。'),
	(109, '芒果脂', 'Mango Butter', 0.1371, 0.192, 146, 0.91, 0.51, 0.27, 0.75, 0.65, 0.97, 5, 5, 0, 0, '芒果脂 柔软、保湿、愈合 取自芒果果核的黄色油脂，含有高硬脂酸所以性质上和可可脂类似，碱化值与乳油木果脂一样，可以相互代替使用。 芒果脂是很好的皮肤软化剂，具有非常好的保湿效果，能保护皮肤不受到日晒的'),
	(110, '玉米油', 'Corn Germ', 0.136, 0.1904, 69, 0.91, 0.51, 0.27, 0.75, 0.65, 0.97, 20, 30, 0, 0, '其中尤以亚油酸为佳，不但有强身健体作用，而且有很好的美艳皮肤的作用，是皮肤滋润、充盈不可缺少的营养物质。此外，植物油脂中还含有丰富的维生素E等营养皮肤及抗衰 老成分。不仅具有美容养颜功效，还具有健体和抗衰作用。红花油、 葵花子油、大豆油、玉米油、芝麻油、花生油、茶油、菜籽油，葵花子、核桃仁、松子仁、 杏仁、桃仁等食物中亦含有较多的亚油酸。但脂肪类食物不宜食入过多，每天不应超过30克 ，以免引起肥胖及心血管疾病。碳水化物又称糖类，是人体热能的主要来源，约占每日总热 量的60%～65%。碳水化物的供给充足，能促进蛋白质合成和利用，并能维持脂肪的正常代谢 和保护肝脏，从而间接地起到美容润肤作用。'),
	(111, '大豆油', 'soybean', 0.135, 0.189, 61, 0.7, 0.64, 0.6, 0.38, 0.22, 0.66, 50, 50, 0, 0, '大豆油中含有大量的亚油酸。亚油酸是人体必需的脂肪酸，具有重要的生理功能。幼儿缺乏亚油酸，皮肤变得干燥，鳞屑增厚，发育生长迟缓；老年人缺乏亚油酸，会引起白内障及心脑血管病变。'),
	(112, '花生油', 'Peanut', 0.136, 0.1904, 99, 0.75, 0.62, 0.46, 0.43, 0.27, 0.73, 20, 20, 0, 0, '花生油淡黄透明，色泽清亮，气味芬芳，滋味可口，是一种比较容易消化的食用油。花生油含不饱和脂肪酸80%以上（其中含油酸41。2%，亚油酸37。6%）。另外还含有软脂酸，硬脂酸和花生酸等饱和脂肪酸19。9%。从上述含量来看，花生油的脂肪酸构成是比较好的，易于人体消化吸收。据国外资料介绍，使用花生油，可使人体内胆固醇分解为胆汁酸并排出体外，从而降低血浆中胆固醇的含量。另外上，花生油中还含有甾醇、麦胚酚、磷脂、维生素E、胆碱等对人体有益的物质。经常食用花生油，可以防止皮肤皱裂老化，保护血管壁，防止血栓形成，有助于预防动脉硬化和冠心病。花生油中的胆碱，还可改善人脑的记忆力，延缓脑功能衰退。'),
	(113, '猪油', 'lard', 0.138, 0.1932, 139, 0.74, 0.49, 0.31, 0.63, 0.53, 0.87, 50, 50, 0, 0, '动物油的油脂与一般植物油相比，有不可替代的特殊香味，可以增进人们的食欲。特别与萝卜、粉丝及豆制品相配时，可以获得用其他调料难以达到的美味。动物油中含有多种脂肪酸，饱和脂肪酸和不饱和脂肪酸的含量相当，几乎平分秋色，具有一定的营养，并且能提供极高的热量。奶油在人体的消化吸收率较高，可达95%以上，是维生素A和维生素D含量很高的调料，所含的脂肪比例小于黄油，较适于缺乏维生素A的人和少年儿童。'),
	(114, '牛脂(牛油,黄油)', 'Tallow', 0.1619, 0.2266, 191, 0.76, 0.49, 0.32, 0.72, 0.63, 0.92, 50, 50, 0, 0, '牛脂'),
	(115, '琉璃苣油', 'Borage Seed', 0.1357, 0, 55, 0, 0, 0, 0, 0, 0, 30, 30, 0, 0, '成分特性淡黄色，含有丰富的 GLA，是维持健康肌肤和修复受日照伤害肌肤的重要脂肪酸。适合所有的肌肤，尤其是成熟型的肌肤，是很好的皮肤更新剂。经前症候群、多重硬化症、更年期问题、心脏病、干癣、湿疹和早衰的皮肤，能再生和刺激皮肤，各种肤质都适用。琉璃苣是所有种子中GLA（γ- 亚麻酸）成分含量最高的，可以改善皮肤状况、舒缓女性经期不适，减缓生理期出现的诸多不适症\r\n状，已然成为既要美丽又要健康的女性之最爱。有机琉璃苣油是精选新鲜的有机琉璃苣籽，通过低温冷榨精制而成，富含植物来源γ-亚麻酸（GLA）、ω-6亚油酸等多不饱和脂肪酸和多种维生素、矿物质成分，长期食用对保健心脑血管，缓解妇女经期综合症状（PMS）及更年期内分泌失调症状等有很好的作用。'),
	(116, '马油', 'Horse', 0.143, 0, 100, 0, 0, 0, 0, 0, 0, 100, 100, 0, 0, '马油'),
	(117, '鸵鸟油', 'Emu', 0.139, 0, 128, 0, 0, 0, 0, 0, 0, 100, 100, 0, 0, '鸵鸟油'),
	(118, '貂油', 'Mink', 0.143, 0, 141, 0, 0, 0, 0, 0, 0, 100, 100, 0, 0, '貂油'),
	(119, '夏威夷果核油', 'Kukui Nut', 0.135, 0, 24, 0, 0, 0, 0, 0, 0, 5, 5, 0, 0, '夏威夷果核油(石栗油)'),
	(120, '南瓜籽油', 'Pumpkin', 0.1331, 0, 67, 0, 0, 0, 0, 0, 0, 20, 20, 0, 0, '南瓜籽油'),
	(121, '开心果油', 'Pistachio Oil ', 0.1328, 0, 92, 0, 0, 0, 0, 0, 0, 20, 20, 0, 0, '开心果油'),
	(122, '摩洛哥坚果油', 'Argan', 0.136, 0, 97, 0, 0, 0, 0, 0, 0, 0, 0, 0, 0, '摩洛哥坚果油'),
	(123, '桐油', 'Tung', 0.1377, 0, 25, 0, 0, 0, 0, 0, 0, 0, 0, 0, 0, '桐油'),
	(124, '沙棘果油', 'SHAJIGUO', 0.116, 0, 97, 0, 0, 0, 0, 0, 0, 0, 0, 0, 0, '沙棘果油'),
	(125, '苦楝油', 'Neem', 0.139, 0, 124, 0, 0, 0, 0, 0, 0, 10, 20, 0, 0, '苦楝树是已被证实具有多种疗效的印度传统药草，可抗细菌和病毒，预防感染。可用于治疗腹泻、发烧、烧伤、泌尿系统疾病、皮肤疾病和发炎症状。由于用处多多，已赢得“奇迹树”的美名。苦楝树和从种子提炼的苦楝油都可作药用。苦楝油可用在种植，宠物，消毒环境以及手工皂。'),
	(126, '樱桃籽油', 'Cherry', 0.135, 0, 62, 0, 0, 0, 0, 0, 0, 0, 0, 0, 0, '含丰富维他命C，油质细致极为稳定，具备抗氧化能力功效；清爽、肌肤吸收速度快、无油腻感、触感极佳。天然樱桃籽油，稳定性佳、是一种高质量的精华按摩油。芳香疗法中应用广泛：蜡烛熏香、按摩油、沐浴、手工皂等等。亦可作为身体按摩油。溶于乙醇，不溶于水。滋润嘴唇，延长磨损，并给予了高光泽，不黏完成。'),
	(127, '紫苏油', 'Perilla Seed', 0.135, 0, -6, 0, 0, 0, 0, 0, 0, 0, 0, 0, 0, '紫苏油'),
	(128, '鸸鹋油', 'Emi', 0.1359, 0, 128, 0, 0, 0, 0, 0, 0, 5, 5, 0, 0, '鸸鹋油'),
	(129, '亚麻仁油', 'Linseed', 0.1357, 0, -6, 0, 0, 0, 0, 0, 0, 5, 5, 0, 0, '亚麻仁油'),
	(130, '芒果油', 'Mango', 0.128, 0, 120, 0, 0, 0, 0, 0, 0, 5, 5, 0, 0, '芒果油'),
	(131, '菜籽油', 'cai zi', 0.124, 0, 56, 0, 0, 0, 0, 0, 0, 0, 0, 0, 0, '菜籽油'),
	(132, '棉籽油', 'Cotton seed', 0.1386, 0, 89, 0, 0, 0, 0, 0, 0, 10, 20, 0, 0, '棉籽油'),
	(133, '鸡油', 'Chicken Fat', 0.139, 0, 130, 0, 0, 0, 0, 0, 0, 0, 0, 0, 0, '鸡油'),
	(134, '棉羊油,羊油', 'Tallow, sheep', 0.1383, 0, 156, 0, 0, 0, 0, 0, 0, 0, 0, 0, 0, '棉羊油,羊油'),
	(135, '羊毛脂', 'Lanolin', 0.0741, 0, 83, 0, 0, 0, 0, 0, 0, 4, 5, 0, 0, '羊毛脂'),
	(136, '澳洲胡桃油', 'Macadamia', 0.139, 0, 119, 0, 0, 0, 0, 0, 0, 10, 10, 0, 0, '澳洲胡桃油'),
	(137, '蛇油', 'Snake', 0.134, 0, 68, 0, 0, 0, 0, 0, 0, 0, 0, 0, 0, '蛇油');
/*!40000 ALTER TABLE `oil` ENABLE KEYS */;


-- 导出  表 soap.skin_type 结构
CREATE TABLE IF NOT EXISTS `skin_type` (
  `id` int(10) NOT NULL AUTO_INCREMENT,
  `name` varchar(50) NOT NULL,
  `description` varchar(500) NOT NULL,
  PRIMARY KEY (`id`)
) ENGINE=MyISAM AUTO_INCREMENT=6 DEFAULT CHARSET=utf8;

-- 正在导出表  soap.skin_type 的数据：5 rows
DELETE FROM `skin_type`;
/*!40000 ALTER TABLE `skin_type` DISABLE KEYS */;
INSERT INTO `skin_type` (`id`, `name`, `description`) VALUES
	(1, '干性皮肤', '皮肤白皙，毛孔细小而不明显。皮脂分泌量少，皮肤比较干燥，容易生细小皱纹。毛细血管表浅，易破裂，对外界刺激比较敏感。干性皮肤可分缺水和缺油两种。缺水干性皮肤多见于35岁以上及老年人。缺油干性皮肤多见于年轻人。（但有部分年轻人的皮肤也会呈现缺水现象，特别是在空调下的人）干性皮肤的PH值为4.5~5之间。'),
	(2, '中性皮肤', '健康理想的皮肤，多见于青春发育期前的少女，皮脂分泌量适中，皮肤既不干也不油，皮肤细腻，富不弹性，毛孔细小，对外界刺激不敏感。中性皮肤的PH值为5~5.6之间。'),
	(3, '油性皮肤', '肤色较深，毛孔粗大，皮脂分泌量多，皮肤油腻光亮，不容易起皱纹，对外界刺激不敏感。由于皮脂分泌过多，容易生粉刺、痤疮，常见于青春发育期年轻人。油性皮肤的PH值为5.6~6.6之间。'),
	(4, '混合性皮肤', '混合性皮肤兼有油性皮肤和干性皮肤的特征。在面部T区（前额、鼻、下巴）呈油性状态，眼部及两颊呈干性状态。混合性皮肤多见于25~35岁年龄的人。'),
	(5, '敏感性皮肤', '皮肤较薄，对外界刺激很敏感。当受到外界刺激时，会出现局部发红、红肿、丘疹水疱及刺氧等症状。');
/*!40000 ALTER TABLE `skin_type` ENABLE KEYS */;


-- 导出  表 soap.user 结构
CREATE TABLE IF NOT EXISTS `user` (
  `id` int(10) NOT NULL AUTO_INCREMENT,
  `user_name` varchar(20) NOT NULL,
  `password` varchar(50) NOT NULL,
  `email` varchar(20) NOT NULL,
  PRIMARY KEY (`id`)
) ENGINE=MyISAM AUTO_INCREMENT=7 DEFAULT CHARSET=utf8;

-- 正在导出表  soap.user 的数据：2 rows
DELETE FROM `user`;
/*!40000 ALTER TABLE `user` DISABLE KEYS */;
INSERT INTO `user` (`id`, `user_name`, `password`, `email`) VALUES
	(5, 'zzz', '453e41d218e071ccfb2d1c99ce23906a', 'zzz'),
	(6, 'ccc', 'c1f68ec06b490b3ecb40', 'ccc');
/*!40000 ALTER TABLE `user` ENABLE KEYS */;
/*!40101 SET SQL_MODE=IFNULL(@OLD_SQL_MODE, '') */;
/*!40014 SET FOREIGN_KEY_CHECKS=IF(@OLD_FOREIGN_KEY_CHECKS IS NULL, 1, @OLD_FOREIGN_KEY_CHECKS) */;
/*!40101 SET CHARACTER_SET_CLIENT=@OLD_CHARACTER_SET_CLIENT */;
